theta0,theta1
8480.966554681116,-0.02127175764846063
