theta0,theta1
5262.864041698015,0.0014656562053594843
