theta0,theta1
8267.32715462786,-0.019239987248115875
